date,Max TemperatureC,Mean TemperatureC,Min TemperatureC,Dew PointC,MeanDew PointC,Min DewpointC,Max Humidity,Mean Humidity,Min Humidity,Max Sea Level PressurehPa,Mean Sea Level PressurehPa,Min Sea Level PressurehPa,Max VisibilityKm,Mean VisibilityKm,Min VisibilitykM,Max Wind SpeedKm/h,Mean Wind SpeedKm/h,Max Gust SpeedKm/h,Precipitationmm,CloudCover,Events,WindDirDegrees
2015-1-1,15,12,10,4,-4,-9,46,30,13,1025,1022,1017,6,5,3,21,11,,0.00,3,,259
2015-1-2,16,12,8,7,1,-5,59,45,27,1026,1024,1023,10,7,4,10,2,,0.00,,,313
2015-1-3,16,12,7,2,-4,-10,54,31,9,1024,1023,1022,10,10,10,16,6,,0.00,,,256
2015-1-4,17,12,8,4,-1,-9,54,40,15,1024,1022,1020,10,10,10,21,13,,0.00,3,,219
2015-1-5,17,13,9,6,4,2,58,50,32,1021,1017,1013,10,10,10,34,16,,0.00,4,,194
2015-1-6,15,12,10,5,-1,-6,62,38,14,1019,1015,1011,10,4,1,37,29,,0.00,1,,223
2015-1-7,12,10,8,5,2,-2,81,58,36,1026,1020,1017,10,7,2,34,24,,0.25,5,Rain,231
2015-1-8,11,9,7,7,5,4,87,76,60,1028,1026,1025,10,9,3,19,11,,0.51,6,Rain,242
2015-1-9,12,10,8,6,3,1,81,67,40,1028,1026,1023,10,10,10,27,14,,0.00,6,,279
2015-1-10,13,9,4,5,3,0,93,66,34,1027,1025,1022,10,8,1,23,6,,0.00,5,,198
2015-1-11,15,12,9,7,5,0,76,61,37,1028,1024,1020,10,5,2,23,14,,0.00,6,,194
2015-1-12,18,13,8,9,6,3,87,60,30,1027,1024,1021,10,5,2,11,5,,0.00,,,114
2015-1-13,18,16,13,7,4,-2,58,47,22,1021,1019,1018,10,9,6,21,13,,0.00,5,,190
2015-1-14,14,12,9,5,-1,-8,67,39,14,1022,1020,1018,10,10,10,24,11,,0.00,4,,215
2015-1-15,17,14,11,9,7,4,88,64,34,1022,1019,1017,10,10,6,19,11,,0.00,5,,230
2015-1-16,17,14,11,10,7,5,88,61,35,1023,1021,1020,10,7,2,16,10,,0.00,3,Rain,223
2015-1-17,17,13,11,9,7,5,82,65,37,1025,1022,1020,10,7,2,13,8,,0.00,3,,238
2015-1-18,18,13,9,10,7,5,94,67,33,1028,1026,1024,10,6,2,14,3,,0.00,2,,45
2015-1-19,19,14,9,9,6,2,94,59,21,1025,1023,1021,10,7,4,21,11,,0.00,,,61
2015-1-20,22,14,8,7,4,0,76,50,23,1023,1020,1018,10,5,3,13,6,,0.00,,,33
2015-1-21,24,17,10,2,-3,-9,51,26,5,1022,1020,1019,10,7,6,19,8,,0.00,,,176
2015-1-22,26,19,13,-3,-6,-9,31,18,4,1022,1020,1017,10,7,6,21,8,,0.00,,,76
2015-1-23,24,19,14,1,-6,-12,29,16,4,1017,1015,1013,10,5,2,14,6,,0.00,,,149
2015-1-24,21,17,14,13,6,-6,88,51,11,1016,1015,1013,10,6,3,13,8,,0.00,,,11
2015-1-25,21,17,13,15,11,7,100,74,37,1019,1016,1014,10,5,2,23,8,,0.00,4,,32
2015-1-26,18,16,13,15,14,11,100,86,52,1021,1019,1017,10,7,1,19,13,,0.00,7,,30
2015-1-27,22,17,13,15,11,4,100,71,22,1018,1015,1012,10,6,2,16,10,,0.00,5,,26
2015-1-28,18,14,11,12,2,-9,100,49,7,1017,1015,1014,10,5,2,16,5,,0.00,,,261
2015-1-29,19,14,10,2,0,-2,54,36,16,1016,1014,1013,10,7,3,13,5,,0.00,2,,194
2015-1-30,18,14,11,0,-2,-3,41,32,17,1020,1017,1014,10,8,6,21,13,,0.00,1,,198
2015-1-31,19,14,10,-2,-3,-4,37,28,11,1021,1020,1018,10,10,10,19,11,,0.00,,,173
2015-2-1,24,18,11,-1,-4,-8,38,24,5,1020,1017,1015,10,6,3,11,6,,0.00,,,126
2015-2-2,24,17,11,-3,-7,-9,28,18,6,1015,1013,1011,10,6,3,16,8,,0.00,,,164
2015-2-3,21,17,13,11,3,-9,67,40,7,1021,1017,1013,10,6,3,16,8,,0.00,,,266
2015-2-4,20,16,11,11,8,5,88,60,29,1023,1021,1019,10,8,4,14,8,,0.00,1,,43
2015-2-5,21,15,9,11,7,3,94,59,20,1020,1018,1015,10,7,6,19,10,,0.00,,,51
2015-2-6,29,21,12,8,-1,-12,63,31,4,1015,1013,1011,10,7,3,19,6,,0.00,,,172
2015-2-7,23,18,14,15,8,-12,88,54,5,1015,1013,1010,10,5,3,48,11,,0.00,,,282
2015-2-8,19,16,13,13,7,5,88,54,31,1015,1014,1012,10,8,6,13,8,,0.00,3,,321
2015-2-9,20,16,11,8,3,0,76,45,16,1013,1010,1007,10,7,3,19,6,,0.00,,,193
2015-2-10,18,14,11,2,-1,-6,44,33,13,1012,1007,1005,10,2,0,55,26,,0.00,,,213
2015-2-11,13,11,9,2,-1,-6,54,41,16,1018,1012,1011,2,1,0,40,29,,0.00,8,,228
2015-2-12,14,11,7,1,-2,-4,61,40,18,1021,1019,1017,10,6,1,24,19,,0.00,6,,222
2015-2-13,16,12,8,6,1,0,82,45,25,1020,1019,1012,10,10,10,19,13,,0.00,5,,225
2015-2-14,18,13,8,0,-2,-3,50,35,15,1019,1016,1014,10,7,6,11,3,,0.00,4,,177
2015-2-15,16,13,11,11,4,-2,94,56,19,1017,1015,1011,10,9,6,16,8,,0.25,7,Rain,80
2015-2-16,17,12,8,11,7,3,100,70,27,1019,1017,1015,10,7,1,11,5,,0.00,5,,30
2015-2-17,18,13,8,9,6,2,94,60,25,1021,1018,1014,10,10,10,13,3,,0.00,3,,21
2015-2-18,16,12,9,9,7,5,94,67,42,1022,1020,1018,10,8,3,16,6,,0.00,4,,1
2015-2-19,10,8,7,9,5,0,100,74,45,1021,1018,1016,10,9,8,21,6,,0.51,6,Rain,280
2015-2-20,15,10,6,6,4,1,87,64,37,1016,1014,1013,10,10,10,24,19,,0.00,5,,244
2015-2-21,16,13,10,8,7,4,82,67,49,1020,1017,1014,10,10,8,21,14,,0.76,7,Rain-Snow,268
2015-2-22,18,13,9,9,6,2,88,59,23,1023,1020,1018,10,6,3,13,3,,0.00,2,,60
2015-2-23,19,16,11,6,3,0,63,42,17,1018,1016,1010,10,10,10,16,10,,0.00,8,,73
2015-2-24,18,15,12,12,8,0,88,60,28,1014,1011,1008,10,7,1,19,6,,0.51,4,Rain,244
2015-2-25,21,16,11,9,7,4,82,56,25,1019,1016,1014,10,9,6,11,6,,0.00,5,,240
2015-2-26,24,17,9,11,7,3,82,56,18,1020,1017,1014,10,8,6,24,11,,0.00,,,50
2015-2-27,29,22,14,9,3,-5,72,35,5,1017,1013,1011,10,9,4,37,8,,0.00,,,192
2015-2-28,21,17,13,9,3,-1,67,41,14,1021,1019,1017,10,10,10,13,6,,0.00,,,325
2015-3-1,20,16,11,12,8,3,94,61,25,1021,1019,1017,10,6,3,19,8,,0.00,,,22
2015-3-2,21,16,11,11,6,0,94,53,18,1021,1020,1019,10,8,6,16,10,,0.00,,,47
2015-3-3,22,18,14,9,6,0,67,43,20,1024,1021,1019,10,8,3,14,6,,0.00,4,,309
2015-3-4,21,17,12,12,9,7,82,63,33,1023,1021,1019,10,8,3,19,8,,0.00,5,,337
2015-3-5,21,16,11,12,10,8,88,67,34,1021,1020,1018,10,7,1,19,6,,0.00,5,,19
2015-3-6,27,19,11,13,11,8,100,66,20,1020,1017,1014,10,8,4,21,13,,0.00,1,,34
2015-3-7,27,20,13,13,10,7,94,56,24,1015,1014,1012,10,4,1,13,3,,0.00,,,276
2015-3-8,30,23,16,11,3,-3,63,27,5,1016,1014,1013,10,6,3,14,8,,0.00,,,118
2015-3-9,22,19,16,16,14,6,100,77,35,1021,1018,1015,6,3,2,13,6,,0.00,6,,318
2015-3-10,24,20,16,16,15,14,100,77,43,1021,1018,1015,10,6,4,21,14,,0.25,7,Rain,28
2015-3-11,22,19,15,16,14,11,100,79,40,1017,1014,1011,10,9,6,29,19,,0.25,5,Rain,18
2015-3-12,22,17,13,13,7,-1,88,57,14,1019,1016,1014,10,10,10,21,11,,0.00,4,,289
2015-3-13,22,17,12,9,5,2,77,47,18,1020,1019,1017,10,10,10,14,5,,0.00,6,,15
2015-3-14,23,18,14,12,7,2,77,47,18,1022,1019,1017,10,10,10,16,10,,0.00,2,,19
2015-3-15,21,17,13,12,8,3,94,61,23,1023,1021,1020,10,7,2,19,10,,0.00,2,,359
2015-3-16,19,15,11,9,7,4,76,57,34,1023,1020,1018,10,8,6,16,11,,0.00,,,5
2015-3-17,22,16,11,11,8,6,94,62,28,1019,1017,1015,10,8,3,21,10,,0.00,4,,20
2015-3-18,21,16,11,12,8,5,94,60,25,1018,1017,1015,10,8,4,16,10,,0.00,3,,9
2015-3-19,21,16,12,11,9,7,88,62,31,1019,1017,1016,10,7,3,13,6,,0.00,4,,348
2015-3-20,20,16,11,8,6,4,77,52,24,1020,1017,1016,10,10,10,11,6,,0.00,1,,10
2015-3-21,21,17,12,9,7,3,77,54,22,1022,1018,1016,10,9,2,16,10,,0.00,3,,347
2015-3-22,20,14,9,8,4,1,66,49,22,1022,1021,1019,10,8,6,11,6,,0.00,,,10
2015-3-23,23,17,11,8,3,-5,76,44,7,1020,1018,1015,10,10,10,121,11,,0.00,8,,49
2015-3-24,28,20,13,7,5,-1,67,38,11,1015,1014,1013,10,9,6,26,13,,0.00,2,,37
2015-3-25,27,20,13,12,8,4,88,49,15,1017,1015,1012,10,10,10,21,14,,0.00,,,43
2015-3-26,28,22,15,11,7,-1,72,41,8,1017,1015,1014,10,10,10,21,16,,0.00,,,51
2015-3-27,35,27,19,14,7,0,56,28,10,1014,1008,1004,10,5,3,19,6,,0.00,,,38
2015-3-28,32,24,18,16,11,4,83,47,17,1012,1009,1003,10,7,6,16,10,,0.00,7,,358
2015-3-29,25,20,16,17,7,-1,100,48,13,1014,1011,1009,10,6,2,21,10,,0.00,1,,266
2015-3-30,23,19,16,11,7,0,64,42,22,1018,1015,1013,10,10,10,23,8,,0.00,5,,285
2015-3-31,26,20,14,10,6,-2,72,42,13,1017,1014,1010,10,7,2,27,10,,0.00,2,,229
2015-4-1,23,19,15,12,9,7,77,56,29,1018,1016,1014,10,10,10,21,13,,0.00,3,,291
2015-4-2,27,21,14,12,8,4,82,47,13,1017,1014,1011,10,10,10,16,8,,0.00,,,194
2015-4-3,26,21,16,15,12,8,88,59,23,1014,1011,1009,10,7,3,16,6,,0.00,6,,313
2015-4-4,22,18,14,13,10,6,88,60,25,1016,1014,1012,10,9,2,23,10,,0.00,2,,360
2015-4-5,25,19,14,12,9,5,88,55,24,1018,1016,1014,10,10,10,19,11,,0.00,,,32
2015-4-6,27,21,15,11,7,3,77,42,13,1017,1015,1013,10,10,10,19,14,,0.00,,,49
2015-4-7,35,26,16,15,4,-7,61,30,5,1014,1013,1010,10,7,3,21,6,,0.00,,,219
2015-4-8,38,29,20,17,2,-9,68,25,4,1012,1007,1003,10,5,3,29,18,,0.00,,,189
2015-4-9,21,18,15,14,6,-2,73,45,14,1016,1012,1008,10,9,6,32,23,,0.00,2,,286
2015-4-10,18,16,13,7,4,1,63,46,22,1017,1015,1014,10,9,4,27,14,,0.00,4,,268
2015-4-11,16,13,11,9,5,-1,82,56,24,1021,1017,1015,10,10,6,32,19,,0.25,6,Rain,253
2015-4-12,21,16,11,8,6,2,77,51,21,1025,1022,1020,10,8,3,26,13,,0.00,6,,277
2015-4-13,22,18,13,10,6,2,72,48,16,1025,1023,1021,10,10,10,14,10,,0.00,2,,273
2015-4-14,22,17,11,11,7,2,94,53,18,1022,1018,1015,10,8,5,23,6,,0.00,,,5
2015-4-15,22,17,12,11,7,2,82,51,16,1020,1016,1015,10,9,4,24,11,,0.00,5,,2
2015-4-16,23,19,14,13,9,3,88,58,16,1025,1021,1019,10,7,3,16,6,,0.00,3,,302
2015-4-17,24,19,14,14,8,1,94,53,13,1027,1025,1024,10,5,2,23,11,,0.00,3,,6
2015-4-18,26,19,13,11,7,2,82,44,15,1026,1022,1020,10,10,10,19,10,,0.00,,,40
2015-4-19,29,22,14,7,2,-2,48,28,6,1020,1018,1015,10,8,6,14,10,,0.00,,,41
2015-4-20,34,27,19,4,-2,-7,37,16,4,1016,1013,1011,10,6,2,26,6,,0.00,,,233
2015-4-21,28,22,16,14,10,0,88,46,17,1015,1014,1012,10,5,2,14,6,,0.00,,,319
2015-4-22,25,20,16,15,11,6,88,56,24,1018,1014,1012,10,6,3,26,8,,0.00,3,,331
2015-4-23,22,18,14,7,4,-1,59,41,13,1024,1019,1017,10,10,10,24,13,,0.00,2,,308
2015-4-24,22,17,12,6,3,-1,63,39,13,1024,1023,1021,10,10,10,23,10,,0.00,,,2
2015-4-25,25,18,11,10,4,-1,72,42,10,1022,1020,1017,10,10,10,24,14,,0.00,,,40
2015-4-26,29,21,13,12,7,1,82,45,9,1017,1014,1012,10,10,10,19,13,,0.00,,,48
2015-4-27,36,28,19,11,3,-5,50,22,4,1013,1011,1007,10,7,3,26,8,,0.00,,,262
2015-4-28,33,24,17,15,10,2,88,45,9,1015,1013,1012,10,4,3,11,3,,0.00,,,326
2015-4-29,36,28,21,15,9,0,56,34,9,1017,1014,1011,10,6,3,16,8,,0.00,,,338
2015-4-30,28,22,16,15,11,6,94,54,15,1018,1016,1009,10,7,4,16,11,,0.00,,,346
2015-5-1,29,22,16,14,12,7,88,56,19,1018,1017,1015,10,7,4,14,10,,0.00,,,1
2015-5-2,27,22,16,14,11,5,88,55,19,1018,1016,1014,10,10,10,26,11,,0.00,3,,15
2015-5-3,28,22,16,14,12,5,88,57,20,1016,1014,1012,10,10,10,24,13,,0.00,3,,14
2015-5-4,28,22,16,14,12,9,88,57,23,1014,1013,1010,10,8,6,24,10,,0.00,3,,4
2015-5-5,29,22,16,15,12,7,88,55,18,1013,1011,1009,10,8,6,23,13,,0.00,5,,29
2015-5-6,28,22,17,16,11,4,94,52,16,1011,1010,1008,10,10,10,19,11,,0.00,2,,27
2015-5-7,31,23,16,17,9,2,94,45,11,1012,1010,1008,10,10,10,19,10,,0.00,,,26
2015-5-8,32,26,18,15,10,6,68,39,11,1013,1011,1010,10,10,10,11,5,,0.00,,,344
2015-5-9,34,27,21,17,11,6,78,38,12,1010,1007,1005,10,10,10,24,13,,0.00,,,228
2015-5-10,30,24,19,16,13,9,83,54,19,1010,1009,1008,10,5,3,19,6,,0.00,,,312
2015-5-11,28,24,19,16,12,8,73,49,22,1011,1008,1006,10,7,3,26,18,,0.00,4,Rain,32
2015-5-12,29,24,18,17,11,5,88,49,14,1014,1012,1011,10,7,3,21,6,,0.00,4,,303
2015-5-13,28,23,18,16,9,1,83,46,11,1016,1013,1011,10,8,4,24,11,,0.00,3,,273
2015-5-14,27,22,17,14,12,9,73,53,22,1020,1016,1015,10,10,10,16,6,,0.00,4,,312
2015-5-15,30,23,17,15,11,4,82,49,14,1022,1020,1018,10,7,4,19,6,,0.00,,,10
2015-5-16,30,24,18,16,10,3,83,47,10,1022,1019,1017,10,10,10,23,13,,0.00,,,37
2015-5-17,32,24,16,17,14,12,88,57,20,1018,1014,1011,10,7,3,21,14,,0.00,,,28
2015-5-18,36,27,19,18,15,9,94,52,17,1012,1010,1007,10,7,4,14,10,,0.00,,,357
2015-5-19,37,28,20,19,11,1,83,40,5,1011,1009,1007,10,6,2,14,5,,0.00,,,325
2015-5-20,34,28,21,16,10,2,69,35,7,1015,1011,1009,10,7,4,23,10,,0.00,,,347
2015-5-21,29,24,19,17,14,11,83,58,27,1016,1015,1013,10,9,6,16,11,,0.00,3,,334
2015-5-22,31,24,18,16,14,11,78,52,21,1015,1014,1012,10,7,6,14,8,,0.00,3,,352
2015-5-23,34,28,21,15,10,8,53,32,11,1015,1013,1012,10,10,10,14,5,,0.00,,,360
2015-5-24,38,27,16,18,8,1,48,23,5,1014,1012,1011,10,10,10,13,6,,0.00,3,,75
2015-5-25,39,32,25,18,14,7,57,36,14,1013,1011,1009,10,7,4,19,5,,0.00,,,344
2015-5-26,38,30,23,18,11,5,65,33,8,1013,1012,1010,10,10,10,19,11,,0.00,,,30
2015-5-27,44,36,28,11,4,-2,24,14,4,1009,1007,1003,10,5,2,39,14,,0.00,,,175
2015-5-28,32,27,22,20,14,2,78,44,9,1013,1010,1006,10,6,6,16,10,,0.00,8,,313
2015-5-29,28,24,20,14,11,7,64,42,20,1014,1012,1010,10,9,6,16,6,,0.00,3,,291
2015-5-30,28,23,19,15,12,8,68,48,19,1015,1014,1013,10,10,10,16,5,,0.00,2,,311
2015-5-31,28,23,18,16,12,8,78,52,19,1016,1014,1012,10,10,10,29,13,,0.00,2,,16
2015-6-1,28,23,19,14,12,7,77,49,18,1014,1012,1010,10,9,6,23,10,,0.00,2,,14
2015-6-2,31,25,19,17,13,9,73,49,17,1016,1013,1011,10,10,10,23,10,,0.00,,,15
2015-6-3,31,26,20,17,13,6,78,48,13,1016,1015,1013,10,10,10,16,13,,0.00,,,6
2015-6-4,29,24,20,17,14,7,78,52,16,1015,1014,1012,10,10,10,14,8,,0.00,3,,348
2015-6-5,31,25,19,17,13,9,68,48,17,1014,1012,1011,10,9,6,16,8,,0.00,1,,14
2015-6-6,28,24,21,17,15,12,73,53,27,1015,1014,1012,10,10,10,16,8,,0.00,,,15
2015-6-7,34,28,21,17,12,5,68,42,11,1015,1014,1012,10,10,10,23,14,,0.00,3,,44
2015-6-8,40,31,22,19,14,7,78,46,7,1014,1010,1005,10,7,2,35,16,,0.00,,,25
2015-6-9,32,27,22,20,16,11,83,54,20,1015,1013,1012,10,10,10,16,11,,0.00,2,,342
2015-6-10,31,26,20,19,15,10,88,54,18,1016,1014,1013,10,10,10,16,11,,0.00,3,,3
2015-6-11,30,25,20,18,16,12,83,56,23,1015,1013,1011,10,9,6,16,10,,0.00,2,,2
2015-6-12,30,26,22,18,16,13,83,54,26,1015,1013,1011,10,10,10,26,13,,0.00,2,,18
2015-6-13,30,24,19,18,16,13,83,56,25,1014,1013,1011,10,10,10,23,11,,0.00,3,,9
2015-6-14,31,26,21,18,17,15,83,58,28,1014,1012,1010,10,10,10,23,11,,0.00,3,,354
2015-6-15,33,27,21,19,16,11,83,53,17,1012,1011,1008,10,6,3,161,11,,0.00,5,,338
2015-6-16,36,29,22,19,16,11,78,49,17,1010,1009,1006,10,10,10,19,10,,0.00,,,318
2015-6-17,36,29,23,21,16,12,88,49,15,1009,1008,1004,10,6,3,21,8,,0.00,,,325
2015-6-18,39,31,24,19,12,3,73,33,6,1017,1007,1005,10,6,3,23,2,,0.00,,,289
2015-6-19,33,28,23,19,15,12,73,45,20,1011,1009,1007,10,8,4,24,11,,0.00,,,291
2015-6-20,31,27,23,18,16,13,73,51,24,1012,1010,1009,10,10,10,14,6,,0.00,4,,330
2015-6-21,32,27,22,18,16,14,78,53,24,1012,1011,1009,10,10,10,19,10,,0.00,3,,10
2015-6-22,32,27,22,19,15,11,73,49,20,1016,1011,1010,10,10,10,146,13,,0.00,,,13
2015-6-23,31,27,22,19,16,13,78,55,25,1013,1011,1010,10,10,10,19,11,,0.00,3,,351
2015-6-24,30,26,21,18,14,12,78,52,23,1014,1013,1011,10,10,10,19,11,,0.00,4,,336
2015-6-25,31,26,22,17,14,11,69,49,24,1014,1012,1010,10,10,10,19,11,,0.00,3,,311
2015-6-26,33,27,22,20,14,9,88,49,17,1012,1010,1008,10,10,10,21,11,,0.00,,,305
2015-6-27,38,31,24,18,10,3,69,30,8,1009,1006,1002,10,4,1,32,11,,0.00,,,213
2015-6-28,31,27,22,19,16,11,83,54,19,1013,1010,1008,10,10,10,21,13,,0.00,3,,279
2015-6-29,32,27,22,18,15,12,69,48,21,1015,1013,1011,10,10,10,27,8,,0.00,4,,9
2015-6-30,31,27,22,18,15,9,73,52,23,1016,1014,1013,10,10,10,19,11,,0.00,2,,6
2015-7-1,30,26,21,18,16,13,83,54,26,1016,1014,1011,10,9,6,16,11,,0.00,2,,12
2015-7-2,32,27,22,20,17,12,88,58,23,1015,1013,1012,10,8,6,26,13,,0.00,3,,353
2015-7-3,32,27,22,20,17,14,88,57,26,1014,1013,1011,10,10,10,19,11,,0.00,4,,342
2015-7-4,33,27,22,22,17,13,88,57,20,1014,1012,1011,10,8,6,16,6,,0.00,2,,345
2015-7-5,33,28,23,22,18,11,88,59,21,1016,1012,1011,10,6,3,161,11,,0.00,3,,352
2015-7-6,32,27,22,21,17,12,88,57,24,1013,1012,1011,10,8,6,14,10,,0.00,3,,332
2015-7-7,32,27,22,19,17,12,78,54,21,1013,1011,1010,10,10,10,11,8,,0.00,5,,338
2015-7-8,33,28,22,20,14,7,73,43,15,1011,1010,1008,10,10,10,14,6,,0.00,,,6
2015-7-9,33,29,24,21,16,11,78,49,19,1012,1010,1008,10,10,10,16,8,,0.00,,,319
2015-7-10,32,27,22,20,16,11,88,53,22,1012,1011,1010,10,7,3,21,8,,0.00,,,358
2015-7-11,34,28,22,22,17,9,94,54,19,1012,1010,1008,10,5,1,19,8,,0.00,3,,341
2015-7-12,32,27,23,22,19,18,88,63,35,1008,1007,1006,10,8,6,14,8,,0.00,3,,301
2015-7-13,33,28,23,21,20,18,83,61,36,1009,1008,1006,10,9,6,14,10,,0.00,5,,313
2015-7-14,35,29,23,22,19,14,88,58,20,1010,1008,1007,10,7,3,19,6,,0.00,5,,328
2015-7-15,34,29,23,23,17,9,94,54,15,1010,1009,1007,10,6,2,14,5,,0.00,,,345
2015-7-16,35,28,22,24,17,11,100,52,17,1010,1009,1008,10,7,6,14,6,,0.00,,,346
2015-7-17,35,29,22,23,18,11,100,52,16,1010,1009,1008,10,5,1,19,5,,0.00,,Fog,327
2015-7-18,36,29,23,22,18,12,89,53,19,1010,1008,1007,10,6,3,16,5,,0.00,,,324
2015-7-19,34,29,24,20,18,11,73,51,15,1009,1007,1006,10,10,10,14,5,,0.00,,,340
2015-7-20,35,29,23,22,16,8,94,50,13,1008,1006,1005,10,7,6,11,5,,0.00,,,331
2015-7-21,34,29,24,22,16,4,89,50,13,1008,1006,1005,10,5,2,13,5,,0.00,,,336
2015-7-22,36,29,23,20,12,2,78,37,8,1008,1007,1006,10,10,10,19,8,,0.00,,,18
2015-7-23,39,32,24,19,11,5,57,31,7,1008,1007,1005,10,10,10,19,8,,0.00,,,26
2015-7-24,41,33,27,23,12,2,66,31,5,1010,1007,1006,10,8,3,19,13,,0.00,,,27
2015-7-25,36,29,23,24,20,14,100,59,26,1011,1010,1009,10,7,4,19,11,,0.00,3,,11
2015-7-26,34,29,23,23,19,14,94,57,22,1011,1009,1007,10,7,3,14,10,,0.00,,,14
2015-7-27,35,29,23,24,18,12,89,53,18,1008,1007,1005,10,8,6,19,8,,0.00,2,,14
2015-7-28,36,30,24,24,20,14,89,57,21,1007,1006,1005,10,7,6,21,13,,0.00,,,19
2015-7-29,36,30,24,23,19,11,89,56,21,1008,1006,1005,10,9,6,14,8,,0.00,,,8
2015-7-30,36,31,25,23,19,15,83,53,20,1008,1006,1005,10,7,6,13,6,,0.00,,,352
2015-7-31,37,32,27,21,17,10,65,42,16,1009,1007,1006,10,10,10,21,3,,0.00,,,355
2015-8-1,37,31,25,22,18,14,74,47,20,1009,1008,1007,10,10,10,23,10,,0.00,,,21
2015-8-2,36,31,26,25,23,20,94,64,38,1010,1008,1007,10,8,3,16,11,,0.00,3,,8
2015-8-3,39,33,27,26,22,16,94,61,23,1009,1009,1007,10,6,3,19,10,,0.00,,,352
2015-8-4,37,32,26,25,22,15,94,58,23,1010,1008,1007,10,4,1,13,5,,0.00,,,343
2015-8-5,36,31,26,24,21,11,89,58,21,1010,1009,1007,10,5,1,14,6,,0.00,1,,342
2015-8-6,37,31,26,24,16,7,84,41,10,1009,1008,1007,10,8,6,19,5,,0.00,,,32
2015-8-7,42,37,31,22,13,7,58,26,6,1010,1008,1006,10,10,10,21,14,,0.00,,,188
2015-8-8,39,34,28,25,18,12,74,42,13,1013,1011,1010,10,10,10,26,11,,0.00,,,32
2015-8-9,38,33,29,23,16,10,66,34,11,1013,1012,1011,10,10,10,16,11,,0.00,,,38
2015-8-10,38,33,28,24,17,12,66,38,14,1012,1011,1010,10,10,10,23,13,,0.00,,,24
2015-8-11,37,32,28,24,19,14,70,47,19,1014,1012,1010,10,10,10,19,13,,0.00,,,24
2015-8-12,35,31,27,24,21,16,84,57,23,1013,1012,1011,10,10,10,21,11,,0.00,,,9
2015-8-13,34,30,25,22,19,15,78,55,24,1012,1010,1009,10,10,10,16,10,,0.00,3,,15
2015-8-14,37,31,24,23,18,10,83,53,15,1011,1010,1009,10,8,6,19,11,,0.00,3,,18
2015-8-15,37,31,25,21,14,7,74,36,8,1010,1009,1007,10,10,10,27,13,,0.00,,,53
2015-8-16,42,36,29,24,14,7,74,31,7,1009,1007,1006,10,8,6,23,10,,0.00,1,,334
2015-8-17,35,30,25,25,23,21,89,66,42,1010,1009,1008,10,8,6,23,11,,0.00,3,,340
2015-8-18,36,31,26,23,22,18,83,61,33,1011,1009,1007,10,9,6,23,13,,0.00,3,,2
2015-8-19,34,30,26,24,21,16,84,59,23,1013,1011,1009,10,8,3,26,13,,0.00,3,,5
2015-8-20,37,30,24,26,21,16,78,57,25,1013,1012,1010,10,10,10,19,13,,0.00,,,23
2015-8-21,34,29,25,22,19,17,74,55,30,1012,1011,1008,10,10,10,27,13,,0.00,3,,4
2015-8-22,34,30,25,24,21,18,89,61,30,1010,1009,1007,10,9,6,23,14,,0.00,5,,359
2015-8-23,34,30,26,23,21,17,83,62,35,1009,1008,1007,10,6,3,21,11,,0.00,2,,349
2015-8-24,33,29,25,22,19,16,83,58,28,1011,1009,1007,10,10,10,27,10,,0.00,2,,335
2015-8-25,34,30,26,22,19,14,78,56,27,1010,1009,1007,10,10,10,21,10,,0.00,2,,335
2015-8-26,33,29,25,23,19,15,83,57,25,1010,1009,1007,10,10,10,19,6,,0.00,3,,345
2015-8-27,36,31,26,23,19,13,79,53,21,1012,1010,1009,10,10,10,23,11,,0.00,2,,38
2015-8-28,34,30,25,24,19,12,89,56,16,1013,1012,1011,10,8,4,16,11,,0.00,3,,18
2015-8-29,33,29,24,24,18,11,89,56,18,1013,1012,1011,10,7,3,26,10,,0.00,2,,357
2015-8-30,36,30,24,22,19,11,83,57,17,1013,1012,1010,10,7,6,19,8,,0.00,3,,336
2015-8-31,35,29,24,23,17,9,89,54,14,1013,1012,1011,10,8,6,24,6,,0.00,2,,348
2015-9-1,36,30,24,20,17,12,69,45,22,1013,1012,1010,10,10,10,16,3,,0.00,2,,342
2015-9-2,36,30,24,24,19,14,89,58,24,1013,1012,1010,10,8,3,23,6,,0.00,2,,8
2015-9-3,36,30,24,23,17,9,89,51,17,1013,1012,1010,10,7,3,29,11,,0.00,3,,7
2015-9-4,33,28,23,22,18,14,83,51,23,1013,1012,1010,10,10,10,16,8,,0.00,3,,5
2015-9-5,34,29,24,22,18,12,78,53,19,1013,1012,1011,10,10,10,21,10,,0.00,3,,12
2015-9-6,33,29,24,21,18,14,78,56,25,1012,1011,1009,10,10,10,14,8,,0.00,3,,8
2015-9-7,34,29,23,25,21,12,94,64,21,1011,1009,1007,10,7,4,26,8,,0.00,2,,12
2015-9-8,36,30,25,25,23,20,94,67,43,1009,1008,1006,10,4,1,24,11,,0.00,5,,7
2015-9-9,36,31,27,26,22,16,89,59,21,1011,1009,1008,10,2,1,16,11,,0.00,6,,11
2015-9-10,36,31,25,25,22,17,94,66,29,1013,1012,1010,10,6,3,21,11,,0.00,6,,30
2015-9-11,36,31,25,26,21,16,100,63,21,1014,1012,1010,10,5,3,16,11,,0.00,3,,26
2015-9-12,37,31,25,26,19,10,100,58,11,1013,1012,1010,10,6,2,35,11,,0.00,3,,16
2015-9-13,36,31,25,23,21,16,89,61,22,1014,1012,1010,10,6,3,19,10,,0.00,,,7
2015-9-14,34,29,24,22,20,16,83,62,26,1014,1013,1011,10,7,6,26,13,,0.00,,,10
2015-9-15,34,29,24,21,18,13,78,54,24,1014,1012,1010,10,9,6,19,13,,0.00,2,,31
2015-9-16,35,29,24,21,16,10,70,46,14,1012,1011,1009,10,10,10,19,10,,0.00,3,,36
2015-9-17,36,30,24,22,19,13,89,58,18,1012,1011,1008,10,10,10,21,13,,0.00,1,,27
2015-9-18,34,29,24,22,18,13,83,52,20,1012,1011,1010,10,10,10,32,13,,0.00,3,,39
2015-9-19,36,31,26,19,11,5,65,29,8,1012,1011,1009,10,10,10,23,11,,0.00,1,,166
2015-9-20,36,31,27,21,14,9,65,36,16,1013,1011,1008,10,10,10,27,11,,0.00,2,,306
2015-9-21,35,30,25,20,15,8,69,41,15,1012,1011,1009,10,8,6,23,8,,0.00,,,36
2015-9-22,39,32,26,17,10,6,48,25,8,1011,1009,1007,10,10,10,24,13,,0.00,,,221
2015-9-23,36,31,26,18,14,10,51,35,13,1015,1012,1011,10,10,10,21,5,,0.00,,,40
2015-9-24,37,32,27,19,14,10,58,34,12,1017,1014,1012,10,10,10,16,10,,0.00,,,52
2015-9-25,37,31,26,20,14,11,58,35,13,1013,1012,1010,10,10,10,29,8,,0.00,,,36
2015-9-26,36,30,24,21,16,9,74,46,13,1013,1011,1009,10,10,10,23,16,,0.00,,,35
2015-9-27,33,28,22,21,18,15,83,57,29,1016,1013,1012,10,10,10,23,10,,0.00,1,,24
2015-9-28,33,28,23,21,18,15,74,55,24,1015,1014,1012,10,10,10,24,8,,0.00,,,32
2015-9-29,36,29,23,22,19,13,83,56,23,1014,1013,1011,10,10,10,26,16,,0.00,,,70
2015-9-30,33,29,26,23,21,18,83,63,38,1015,1012,1011,10,10,10,35,16,,0.00,4,,36
2015-10-1,32,28,23,19,18,15,69,56,30,1016,1015,1013,10,9,6,19,11,,0.00,4,,4
2015-10-2,32,27,22,19,17,14,73,53,26,1019,1017,1016,10,6,3,16,6,,0.00,1,,14
2015-10-3,32,27,22,20,19,17,83,61,33,1021,1019,1017,10,10,10,26,14,,0.00,3,,27
2015-10-4,32,28,23,20,18,17,78,62,36,1020,1019,1017,10,8,3,23,11,,0.00,4,,357
2015-10-5,29,26,22,17,15,14,69,53,28,1018,1015,1012,10,8,4,24,8,,0.00,1,,339
2015-10-6,31,26,22,19,16,14,68,57,31,1013,1011,1008,10,10,6,27,8,,0.00,4,,311
2015-10-7,29,26,21,19,17,13,73,56,30,1013,1011,1009,10,10,10,23,8,,0.00,5,,269
2015-10-8,32,27,22,18,17,14,69,53,31,1015,1014,1013,10,8,3,19,3,,0.00,2,,273
2015-10-9,31,27,24,20,16,13,74,51,32,1017,1015,1014,10,10,10,16,3,,0.00,3,,338
2015-10-10,29,25,21,19,16,13,83,58,27,1016,1015,1013,10,8,3,21,10,,0.00,3,,20
2015-10-11,32,26,19,21,17,15,83,62,35,1016,1014,1012,10,9,6,19,8,,0.00,2,,28
2015-10-12,33,28,23,23,19,16,100,64,27,1016,1014,1013,10,7,2,27,10,,0.00,4,,34
2015-10-13,36,29,22,23,18,10,100,61,18,1016,1014,1013,10,8,3,29,14,,0.00,3,,46
2015-10-14,32,27,23,23,19,14,100,67,27,1016,1015,1013,10,5,3,21,11,,0.00,2,,16
2015-10-15,32,26,20,19,16,11,83,59,22,1016,1015,1013,10,7,4,19,6,,0.00,3,,10
2015-10-16,31,26,20,19,18,16,88,65,35,1015,1014,1012,10,7,3,19,8,,0.00,2,,27
2015-10-17,31,26,20,19,18,17,88,65,36,1016,1015,1013,10,7,3,19,11,,0.00,3,,31
2015-10-18,31,26,21,21,19,18,88,68,41,1016,1015,1013,10,6,3,16,8,,0.00,4,,22
2015-10-19,29,26,22,20,19,15,88,68,40,1016,1015,1014,10,5,2,24,11,,0.00,,,4
2015-10-20,32,26,19,21,17,13,100,60,30,1017,1015,1014,10,6,3,26,13,,0.00,,,61
2015-10-21,33,27,21,20,17,14,83,58,24,1015,1014,1012,10,10,10,21,13,,0.00,,,93
2015-10-22,35,29,23,21,12,3,88,39,10,1014,1013,1011,10,10,10,26,10,,0.00,,,115
2015-10-23,36,31,25,21,11,6,62,35,12,1015,1012,1010,10,7,1,35,10,,0.00,3,,206
2015-10-24,32,27,22,19,17,15,69,54,28,1015,1011,1009,10,10,10,40,24,,0.00,,,51
2015-10-25,29,26,21,23,21,18,88,76,64,1012,1010,1008,10,8,4,19,11,,0.25,6,Rain,28
2015-10-26,27,23,20,19,16,14,88,64,35,1014,1013,1011,10,7,3,19,5,,0.25,5,,318
2015-10-27,27,23,20,17,15,12,78,60,37,1015,1014,1013,10,10,10,19,8,,0.00,4,,301
2015-10-28,24,21,18,15,13,12,73,59,38,1014,1012,1011,10,9,6,21,5,,0.00,4,,267
2015-10-29,26,22,18,15,12,7,78,55,27,1015,1013,1011,10,10,10,19,10,,0.00,4,,288
2015-10-30,25,21,17,11,9,7,68,48,24,1018,1016,1015,10,9,6,13,2,,0.00,5,,319
2015-10-31,26,21,17,16,14,10,77,60,35,1019,1018,1016,10,9,6,14,6,,0.00,5,,27
2015-11-1,29,23,18,18,16,14,88,66,37,1020,1018,1016,10,9,6,26,6,,0.00,3,,19
2015-11-2,27,23,19,17,16,14,83,63,43,1018,1016,1009,10,9,6,37,14,,0.00,5,,360
2015-11-3,29,23,18,18,14,12,73,61,36,1017,1014,1011,10,9,6,27,13,,0.00,3,,360
2015-11-4,23,20,17,17,14,12,86,69,43,1012,1011,1010,10,10,6,21,8,,0.00,6,,284
2015-11-5,23,20,17,19,16,15,94,81,62,1015,1013,1011,10,6,1,19,11,,1.02,5,Rain,201
2015-11-6,28,23,18,18,17,15,95,81,55,1018,1016,1014,10,8,0,27,8,,0.00,5,Fog,222
2015-11-7,24,21,17,18,16,12,100,73,40,1020,1018,1017,10,7,2,19,5,,0.00,3,,340
2015-11-8,26,21,17,18,15,12,100,70,41,1021,1020,1019,10,7,1,16,6,,0.00,3,,356
2015-11-9,23,20,17,14,13,11,77,65,46,1020,1018,1017,10,8,6,21,5,,0.00,3,,280
2015-11-10,26,21,16,14,13,11,82,63,38,1017,1016,1014,10,8,2,24,10,,0.00,4,,267
2015-11-11,24,20,16,15,13,10,88,63,35,1020,1018,1016,10,8,3,14,3,,0.00,3,,301
2015-11-12,25,20,16,15,12,8,88,62,29,1022,1020,1019,10,6,2,19,5,,0.00,2,,46
2015-11-13,25,19,14,15,13,11,88,65,35,1022,1021,1019,10,7,4,16,8,,0.00,,,28
2015-11-14,27,21,14,17,14,10,88,66,24,1020,1017,1015,10,8,6,27,10,,0.00,1,,42
2015-11-15,24,20,16,19,17,13,94,79,53,1014,1011,1010,10,4,1,11,2,,0.00,6,,169
2015-11-16,24,21,18,17,16,13,94,71,43,1012,1010,1009,10,5,1,16,6,,0.00,4,,255
2015-11-17,25,21,17,15,13,10,82,62,33,1017,1014,1012,10,9,4,23,6,,0.00,4,,300
2015-11-18,23,19,15,14,12,10,77,61,36,1019,1017,1016,10,7,3,14,5,,0.00,3,,253
2015-11-19,24,20,16,16,14,12,94,69,41,1021,1020,1018,10,5,0,16,5,,0.00,4,Fog,17
2015-11-20,23,19,15,15,13,9,88,66,29,1021,1019,1017,10,6,3,16,6,,0.00,3,,44
2015-11-21,24,19,14,15,13,12,82,68,42,1016,1014,1012,10,9,6,13,6,,0.00,3,,26
2015-11-22,25,19,14,17,12,7,94,65,26,1016,1014,1013,10,3,1,13,2,,0.00,1,,326
2015-11-23,24,19,14,16,14,12,94,69,41,1020,1018,1016,10,5,2,24,5,,0.00,2,,18
2015-11-24,26,20,15,14,12,7,94,65,24,1021,1019,1017,10,4,2,32,8,,0.00,3,,31
2015-11-25,25,20,14,13,9,8,82,53,26,1018,1015,1013,10,6,3,19,11,,0.00,,,130
2015-11-26,26,22,17,10,9,7,81,44,24,1015,1013,1012,10,6,3,19,11,,0.00,,,185
2015-11-27,26,21,17,11,8,6,59,43,19,1019,1017,1015,10,9,6,13,6,,0.00,,,187
2015-11-28,27,21,14,11,8,6,67,46,19,1020,1019,1017,10,7,6,14,8,,0.00,3,,48
2015-11-29,25,21,16,12,10,7,68,51,32,1021,1019,1018,10,7,6,16,10,,0.00,,,38
2015-11-30,22,18,14,13,11,10,77,63,36,1020,1019,1017,10,8,3,13,5,,0.00,4,,298
2015-12-1,22,18,14,12,8,7,72,54,34,1023,1021,1019,10,10,10,24,8,,0.00,3,,314
2015-12-2,21,17,12,11,8,7,72,56,31,1024,1023,1022,10,9,6,19,5,,0.00,5,,289
2015-12-3,23,18,14,13,11,7,77,62,36,1025,1023,1022,10,7,3,16,5,,0.00,3,,315
2015-12-4,19,16,12,10,7,6,77,56,29,1025,1024,1023,10,9,3,21,10,,0.00,2,,25
2015-12-5,18,13,9,8,5,3,76,56,30,1028,1025,1024,10,10,10,48,16,,0.00,4,,36
2015-12-6,18,12,7,4,2,-4,71,50,22,1030,1029,1028,10,10,10,27,11,,0.00,,,47
2015-12-7,20,15,10,10,7,3,77,58,37,1029,1028,1026,10,10,10,26,11,,0.00,3,,53
2015-12-8,21,16,11,12,9,7,88,65,38,1027,1025,1024,10,8,4,16,11,,0.00,3,,50
2015-12-9,20,16,11,14,9,7,94,66,36,1024,1023,1021,10,8,3,24,11,,0.00,3,,36
2015-12-10,21,17,12,12,11,8,88,66,41,1023,1022,1020,10,5,1,19,3,,0.00,2,,312
2015-12-11,20,16,12,14,11,9,88,69,44,1022,1021,1019,10,7,3,19,8,,0.00,3,,274
2015-12-12,19,15,11,13,11,7,94,74,42,1020,1016,1013,10,5,1,24,13,,0.00,4,Rain,191
2015-12-13,17,14,12,13,11,7,100,79,56,1018,1013,1010,10,8,6,27,18,,0.25,5,Rain,263
2015-12-14,19,15,11,12,11,9,94,75,43,1024,1021,1018,10,4,1,16,8,,0.00,4,,240
2015-12-15,21,16,12,13,11,3,94,71,35,1025,1024,1022,10,4,1,13,5,,0.00,2,,236
2015-12-16,19,15,11,10,8,7,82,63,38,1023,1021,1018,10,5,3,11,3,,0.00,,,27
2015-12-17,30,21,13,10,8,5,77,62,34,1019,1017,1016,10,6,2,32,14,,0.00,5,,220
2015-12-18,18,14,11,9,8,7,77,63,42,1029,1020,1019,10,4,1,34,13,,0.00,4,,184
2015-12-19,18,14,11,8,6,2,72,54,25,1024,1021,1020,10,9,4,27,14,,0.00,4,,200
2015-12-20,21,16,12,11,9,7,77,64,43,1026,1024,1023,10,9,6,21,11,,0.00,3,,230
2015-12-21,19,15,11,12,10,8,88,70,41,1027,1025,1024,10,5,2,23,8,,0.00,3,,79
2015-12-22,21,16,10,12,9,8,94,71,38,1026,1024,1023,10,6,2,29,10,,0.00,5,,27
2015-12-23,19,16,12,12,10,8,88,72,35,1025,1024,1022,10,5,1,26,8,,0.00,5,,334
2015-12-24,20,16,12,12,9,5,82,67,40,1028,1026,1025,10,5,1,19,8,,0.00,5,,319
2015-12-25,21,16,11,11,8,5,94,66,35,1030,1028,1027,10,3,1,19,5,,0.00,,,41
2015-12-26,19,14,10,9,8,6,77,63,38,1028,1026,1024,10,10,10,16,11,,0.00,3,,49
2015-12-27,21,16,11,12,9,8,88,68,38,1026,1025,1023,10,10,6,29,16,,0.00,2,,53
2015-12-28,21,16,10,13,6,-2,100,61,13,1033,1021,1018,10,6,3,24,14,,0.00,6,,48
2015-12-29,21,16,12,10,6,2,71,53,29,1018,1016,1014,10,5,2,24,13,,0.00,4,Rain,223
2015-12-30,19,16,12,11,9,6,88,66,33,1019,1017,1016,10,8,2,29,16,,0.00,4,,249
2015-12-31,19,16,12,11,8,6,94,67,44,1019,1017,1015,10,8,1,32,13,,5.08,6,Rain,234
