date,Max TemperatureC,Mean TemperatureC,Min TemperatureC,Dew PointC,MeanDew PointC,Min DewpointC,Max Humidity,Mean Humidity,Min Humidity,Max Sea Level PressurehPa,Mean Sea Level PressurehPa,Min Sea Level PressurehPa,Max VisibilityKm,Mean VisibilityKm,Min VisibilitykM,Max Wind SpeedKm h,Mean Wind SpeedKm h,Max Gust SpeedKm h,Precipitationmm,CloudCover,Events,WindDirDegrees
2015-1-1,6,1,-3,0,-2,-4,100,81,51,1038,1036,1033,18,5,0,24,8,27,0,2,Fog,177
2015-1-2,10,6,2,8,3,-1,100,83,61,1037,1033,1029,26,9,3,24,18,,0,6,Rain,229
2015-1-3,12,6,0,12,6,0,100,95,82,1036,1026,1019,14,5,0,40,18,,30,7,Fog-Rain,216
2015-1-4,6,3,1,5,2,-1,93,81,60,1038,1035,1027,31,12,8,23,11,,3,5,,75
2015-1-5,2,-1,-3,2,-1,-3,100,97,87,1037,1032,1027,8,2,0,11,8,,0,7,Fog,146
2015-1-6,5,1,-2,4,1,-2,100,96,87,1028,1025,1023,7,4,0,21,10,35,0,7,Fog,192
2015-1-7,5,2,-1,5,2,-1,100,98,91,1032,1029,1028,11,3,0,21,8,,0,7,Fog,189
2015-1-8,11,8,4,9,7,4,100,89,76,1034,1027,1022,31,11,5,42,23,61,36,6,Rain,220
2015-1-9,14,10,7,12,9,5,100,86,70,1033,1028,1025,31,13,3,39,27,45,10,6,Rain,225
2015-1-10,13,11,7,12,9,4,94,81,67,1026,1022,1019,31,15,3,42,34,58,10,7,Rain,250
2015-1-11,8,6,4,4,2,1,87,73,52,1030,1026,1021,31,15,10,29,19,,1,4,Rain,261
2015-1-12,9,8,6,6,4,2,82,75,61,1029,1023,1017,26,14,10,39,29,53,0,6,,207
2015-1-13,10,8,7,8,6,3,87,81,68,1017,1011,1008,31,14,3,45,31,64,10,5,Rain,209
2015-1-14,8,7,5,6,3,2,87,76,53,1016,1013,1010,31,16,8,50,27,76,3,5,Rain,218
2015-1-15,11,8,6,8,6,4,87,75,54,1010,1003,999,31,15,7,58,37,85,10,7,Rain,207
2015-1-16,8,7,5,5,3,3,94,82,65,1011,1007,1004,26,14,3,21,13,39,0,6,Rain,194
2015-1-17,7,3,1,4,1,-2,100,89,45,1019,1016,1012,31,7,0,19,10,40,0,4,Fog,234
2015-1-18,6,3,1,2,1,-1,100,81,57,1017,1013,1010,26,12,6,21,16,,0,6,Rain,166
2015-1-19,3,1,0,1,0,-2,100,88,70,1013,1012,1010,26,9,2,16,8,,1,7,Rain-Snow,349
2015-1-20,2,1,-1,0,-1,-3,100,90,68,1014,1012,1011,11,6,0,13,5,,0,6,Fog,131
2015-1-21,3,1,-1,0,-2,-4,93,81,68,1011,1008,1007,18,11,9,21,13,,0,6,,111
2015-1-22,0,-2,-3,-1,-2,-3,100,91,83,1023,1016,1010,10,4,0,21,13,,0,7,Fog,5
2015-1-23,3,1,-1,-1,-2,-3,93,82,67,1028,1025,1022,7,5,3,16,13,,0,6,,322
2015-1-24,6,2,-1,3,-1,-3,100,84,57,1032,1025,1021,26,9,1,29,16,,10,6,Rain-Snow,271
2015-1-25,6,2,-1,2,1,-2,100,85,70,1034,1032,1029,14,11,8,13,8,32,0,5,Rain,270
2015-1-26,9,7,4,8,5,1,100,90,66,1030,1025,1021,19,8,1,26,14,45,5,6,Rain,262
2015-1-27,7,4,2,4,2,1,93,85,73,1029,1027,1025,26,13,10,16,11,,0,5,,294
2015-1-28,8,7,4,7,4,0,100,83,65,1026,1013,1005,26,11,2,39,19,64,30,7,Rain,230
2015-1-29,6,3,1,4,2,-1,93,83,65,1006,991,977,31,12,1,34,21,,20,6,Rain-Snow-Thunderstorm,239
2015-1-30,4,2,0,2,1,-1,100,89,77,983,981,978,31,12,1,29,21,,15,5,Rain-Snow,256
2015-1-31,6,3,1,2,1,0,100,88,68,990,984,982,19,10,4,27,13,,15,5,Rain-Snow,255
2015-2-1,4,2,1,2,1,0,100,88,80,1004,997,990,19,12,6,27,23,,4,6,Rain-Snow,292
2015-2-2,3,2,0,2,-1,-5,100,77,45,1006,1005,1003,26,12,3,19,11,,0,6,Rain-Snow,294
2015-2-3,3,1,-1,-3,-3,-5,86,72,43,1009,1005,1002,31,18,10,14,6,,0,5,,24
2015-2-4,4,1,-2,0,-2,-4,100,78,46,1020,1014,1008,31,12,5,26,14,50,0,3,,13
2015-2-5,3,1,-1,0,-3,-7,93,77,54,1022,1020,1018,19,10,3,34,21,48,0,4,Snow,21
2015-2-6,1,-1,-2,-4,-5,-6,80,68,52,1024,1021,1020,14,10,10,37,29,60,0,4,,29
2015-2-7,5,1,-3,2,-5,-6,93,64,32,1033,1029,1024,19,12,8,37,27,58,0,7,,24
2015-2-8,7,3,1,3,1,-1,93,78,49,1036,1033,1031,19,11,6,35,19,60,0,5,Rain,5
2015-2-9,3,1,-1,2,0,-2,100,92,81,1036,1034,1032,10,6,0,16,8,,0,5,Fog-Rain,327
2015-2-10,6,3,1,3,2,1,100,86,66,1034,1031,1027,19,7,1,19,11,,0,8,Rain,41
2015-2-11,8,4,0,2,1,-1,93,75,51,1028,1024,1021,19,10,4,23,14,,0,5,,87
2015-2-12,8,3,-2,3,0,-2,100,87,49,1022,1020,1019,6,3,0,11,6,,0,3,Fog,28
2015-2-13,13,7,1,6,3,0,93,76,41,1020,1012,1005,19,8,3,39,18,60,3,5,Rain,171
2015-2-14,8,7,5,6,5,4,93,88,72,1006,1003,1002,26,12,6,27,19,,10,6,Rain,161
2015-2-15,8,7,4,5,4,4,93,86,72,1017,1010,1005,31,13,10,16,11,,3,6,Rain,52
2015-2-16,11,6,1,5,3,1,100,85,50,1022,1018,1016,14,8,3,21,8,37,0,5,Fog,177
2015-2-17,6,4,3,5,4,1,96,90,76,1042,1032,1021,18,8,2,26,13,,3,6,Rain,335
2015-2-18,4,2,0,3,1,0,100,95,87,1042,1039,1035,14,2,0,14,8,,0,5,Fog,19
2015-2-19,8,4,1,2,1,0,100,78,47,1036,1029,1021,11,7,2,24,11,,0,5,,187
2015-2-20,8,6,4,6,4,1,96,87,68,1022,1011,1000,19,9,3,37,24,55,50,7,Rain,195
2015-2-21,6,3,1,4,2,0,93,88,70,1007,1002,1000,31,12,3,26,16,,20,5,Rain-Snow,269
2015-2-22,9,4,-1,2,0,-2,100,76,38,1014,1009,1002,26,12,5,35,13,53,15,4,Rain,229
2015-2-23,11,7,3,7,3,0,100,79,44,1003,999,996,31,11,3,40,27,60,20,6,Rain-Hail,231
2015-2-24,9,6,2,4,2,0,87,75,55,1019,1009,1001,31,15,8,29,21,48,3,4,Rain,241
2015-2-25,7,4,2,7,4,1,100,91,74,1021,1018,1017,26,6,0,16,13,35,5,7,Fog-Rain,181
2015-2-26,11,8,5,11,8,5,100,97,87,1021,1016,1010,19,4,0,29,10,,15,7,Fog-Rain,208
2015-2-27,9,6,2,6,0,-2,93,66,38,1024,1019,1012,31,17,5,34,21,45,3,5,Rain,325
2015-2-28,9,4,0,6,1,-3,93,71,43,1024,1017,1009,31,20,10,39,16,53,15,7,Rain,180
2015-3-1,12,9,7,9,6,3,100,77,44,1009,1007,1004,19,11,2,35,27,52,20,6,Rain,233
2015-3-2,9,7,5,8,2,-2,93,69,43,1022,1012,1005,31,15,6,45,26,71,10,4,Rain,262
2015-3-3,11,7,3,5,2,-2,93,71,54,1025,1021,1019,31,19,5,35,18,,10,6,Rain-Hail,232
2015-3-4,9,4,1,4,1,0,93,77,45,1037,1030,1024,31,16,10,29,14,50,5,3,Rain-Hail,278
2015-3-5,11,6,1,3,1,-1,93,71,33,1041,1039,1037,26,15,10,14,10,,0,2,,340
2015-3-6,12,7,1,2,1,-1,93,65,30,1040,1037,1034,19,15,10,11,6,26,0,3,,217
2015-3-7,15,8,2,3,1,-1,87,61,23,1035,1031,1027,19,14,10,16,11,32,0,,,157
2015-3-8,19,11,3,7,2,-1,87,59,17,1028,1025,1023,26,14,9,21,10,,0,4,,175
2015-3-9,13,9,6,8,7,6,100,83,57,1029,1027,1025,11,7,3,19,10,32,0,7,Rain,65
2015-3-10,11,9,7,10,8,4,100,87,73,1031,1028,1026,14,7,1,13,5,,1,6,Rain,334
2015-3-11,13,8,3,4,3,1,93,68,35,1030,1029,1027,14,9,6,19,13,,0,,,68
2015-3-12,14,8,1,1,-2,-6,76,48,15,1029,1026,1023,31,24,11,26,14,,0,,,97
2015-3-13,12,8,3,0,-1,-3,70,52,27,1024,1021,1019,26,21,11,19,14,,0,,,82
2015-3-14,10,6,1,3,-1,-2,87,64,32,1025,1023,1021,14,9,4,24,16,,0,6,Rain,22
2015-3-15,7,6,4,4,3,2,93,82,65,1026,1023,1021,14,6,2,19,14,,0,7,Rain,24
2015-3-16,13,7,1,3,2,-1,93,69,38,1022,1021,1020,10,8,5,19,11,,0,6,,61
2015-3-17,18,10,3,5,3,1,87,59,25,1024,1022,1021,11,6,3,14,8,,0,1,,44
2015-3-18,14,10,6,7,5,3,87,69,48,1029,1026,1024,7,4,3,32,18,50,0,6,,10
2015-3-19,7,6,4,4,3,2,87,80,70,1030,1028,1026,10,6,3,32,23,45,0,8,,18
2015-3-20,12,9,5,6,4,3,93,79,54,1028,1024,1021,5,3,2,23,16,39,0,8,,24
2015-3-21,9,5,1,6,3,1,100,83,51,1023,1021,1019,26,6,0,27,14,45,0,6,Fog-Rain,355
2015-3-22,11,7,3,4,3,0,93,73,45,1023,1021,1019,19,12,10,29,21,47,0,6,Rain,27
2015-3-23,13,7,-1,3,1,-2,93,67,30,1021,1016,1012,14,9,5,16,10,37,0,1,,11
2015-3-24,8,6,4,4,2,0,93,77,55,1013,1009,1007,11,7,2,13,8,,20,7,Rain,334
2015-3-25,10,7,3,4,2,0,94,77,38,1013,1010,1007,26,11,3,26,14,,5,6,Rain,328
2015-3-26,9,4,0,8,3,-1,100,85,60,1014,1010,1007,14,9,2,35,13,,20,6,Rain,220
2015-3-27,12,8,3,5,2,1,93,67,36,1024,1021,1014,31,18,10,23,14,,0,6,,282
2015-3-28,16,11,6,12,8,3,100,83,55,1024,1019,1015,31,9,1,37,18,37,5,6,Rain,205
2015-3-29,13,11,9,11,9,7,100,86,71,1015,1009,1005,31,10,3,47,31,66,30,6,Rain,239
2015-3-30,12,10,8,10,6,2,97,72,38,1015,1011,1004,31,14,2,35,26,50,20,6,Rain,275
2015-3-31,13,11,9,11,5,0,88,62,32,1020,1012,1006,26,12,5,50,39,76,1,5,Rain,268
2015-4-1,12,8,4,3,1,-3,87,57,27,1028,1025,1020,31,18,10,34,26,53,0,4,Rain,282
2015-4-2,11,9,7,9,6,2,100,83,57,1025,1021,1018,31,11,3,34,23,,10,6,Rain,283
2015-4-3,11,9,7,8,7,5,100,90,75,1025,1019,1015,14,7,1,19,8,37,39,7,Rain,188
2015-4-4,9,7,4,8,6,1,100,87,66,1023,1017,1014,19,7,0,32,11,48,4,6,Fog-Rain,2
2015-4-5,11,6,1,2,0,-2,100,68,31,1027,1024,1022,31,15,6,24,16,39,0,2,,25
2015-4-6,13,7,1,6,2,-1,93,67,32,1033,1029,1027,19,10,6,19,13,40,0,4,,16
2015-4-7,15,9,3,5,1,-3,93,56,20,1037,1035,1033,26,14,6,14,11,,0,1,,76
2015-4-8,16,10,3,4,2,0,81,56,29,1035,1032,1029,26,10,6,14,10,,0,1,,52
2015-4-9,20,12,4,5,3,1,81,50,18,1029,1026,1023,26,11,5,14,10,,0,,,57
2015-4-10,22,14,7,7,3,1,66,44,16,1024,1019,1016,31,20,14,26,13,40,0,8,,140
2015-4-11,15,12,10,10,8,6,88,71,40,1029,1022,1018,26,14,8,35,23,50,3,6,Rain,239
2015-4-12,19,11,3,9,7,3,98,70,35,1031,1029,1027,31,13,0,21,10,37,0,5,Fog,232
2015-4-13,20,14,8,9,7,3,82,61,38,1033,1031,1029,31,21,10,13,6,,0,3,,345
2015-4-14,25,18,10,9,7,4,82,50,18,1031,1028,1023,31,24,19,13,8,,0,,,165
2015-4-15,27,19,11,8,6,4,72,44,14,1023,1018,1014,31,31,31,23,8,,0,,,108
2015-4-16,23,17,11,11,7,4,72,46,21,1015,1012,1010,31,30,19,14,8,,0,8,,89
2015-4-17,18,14,12,10,7,2,88,59,37,1019,1014,1011,31,14,5,27,11,,0,6,Rain,27
2015-4-18,16,11,6,3,1,-2,76,48,18,1024,1022,1020,31,24,14,37,24,,0,,,53
2015-4-19,17,11,4,4,1,-1,70,48,22,1022,1020,1017,31,29,26,24,19,45,0,,,34
2015-4-20,21,13,5,4,2,-1,81,47,13,1027,1024,1021,31,22,8,29,18,,0,,,33
2015-4-21,22,14,7,8,6,2,87,53,23,1030,1028,1027,31,14,6,23,16,40,0,,,26
2015-4-22,20,13,7,8,5,2,81,55,20,1029,1025,1021,31,17,8,29,21,48,0,,,28
2015-4-23,20,13,6,6,4,2,87,55,20,1022,1018,1015,31,12,5,19,13,,0,,,33
2015-4-24,21,14,8,12,8,3,72,57,36,1016,1013,1011,31,15,10,23,11,52,0,6,Rain,186
2015-4-25,18,14,11,12,11,9,94,74,49,1012,1009,1008,31,12,3,21,11,,4,6,Rain,224
2015-4-26,16,13,11,12,11,9,94,83,64,1010,1007,1003,31,12,3,14,10,,30,6,Rain,254
2015-4-27,13,11,8,11,5,0,100,69,33,1013,1007,1004,31,11,3,29,19,52,0,6,Rain,359
2015-4-28,14,9,4,4,2,-2,87,58,23,1022,1019,1013,31,19,10,23,13,,0,4,,292
2015-4-29,16,11,6,8,2,-2,93,55,19,1022,1017,1015,31,18,10,26,11,29,5,6,Rain,188
2015-4-30,11,9,8,9,8,7,100,90,81,1017,1014,1011,31,10,3,23,13,50,90,6,Rain,225
2015-5-1,11,9,8,9,8,6,100,90,77,1011,1007,1005,26,9,3,26,16,,10,7,Rain,63
2015-5-2,13,11,8,12,9,7,94,90,78,1012,1009,1004,19,10,3,26,8,37,4,7,Rain,118
2015-5-3,20,16,11,15,13,10,100,85,47,1007,1004,1002,31,10,3,34,19,,30,7,Rain,201
2015-5-4,19,15,11,17,11,9,94,75,48,1010,1005,995,31,18,3,24,18,37,25,6,Rain,170
2015-5-5,18,16,13,17,10,3,88,64,27,1011,1002,995,31,17,10,47,24,72,5,4,Rain,214
2015-5-6,17,13,9,9,6,4,82,62,34,1018,1013,1011,31,16,3,39,27,55,5,4,Rain,226
2015-5-7,17,12,8,7,5,2,87,57,27,1021,1019,1017,31,18,10,23,13,,0,3,,223
2015-5-8,19,15,11,11,8,5,72,60,41,1017,1015,1013,31,23,10,24,11,,0,5,Rain,135
2015-5-9,20,17,13,12,9,5,82,59,29,1025,1020,1016,31,17,10,34,19,42,0,5,,243
2015-5-10,22,17,11,12,11,9,94,64,34,1027,1025,1023,31,15,10,16,8,,0,4,,157
2015-5-11,27,20,14,15,11,9,82,55,22,1023,1020,1018,31,23,19,14,11,34,0,8,,156
2015-5-12,20,16,12,15,11,7,88,67,36,1024,1020,1017,31,17,10,23,11,,0,5,,337
2015-5-13,20,14,8,11,7,4,81,60,41,1024,1019,1014,31,19,9,19,8,,10,4,Rain,51
2015-5-14,17,13,10,13,9,8,94,77,59,1015,1012,1009,31,13,3,29,11,37,30,7,Rain,153
2015-5-15,15,11,7,10,8,7,94,81,57,1025,1018,1013,19,11,5,24,11,,0,5,Rain,336
2015-5-16,18,12,7,12,8,6,94,77,41,1029,1026,1024,26,12,6,26,11,,0,4,Rain,270
2015-5-17,19,13,7,8,7,5,87,64,32,1029,1026,1021,31,18,10,14,10,,0,1,,289
2015-5-18,20,13,7,11,7,5,94,67,28,1022,1013,1007,31,15,6,32,13,,0,5,Rain,246
2015-5-19,15,11,7,9,6,3,94,70,34,1013,1011,1009,26,14,5,35,21,58,10,3,Rain,250
2015-5-20,15,10,6,6,4,2,93,66,32,1023,1017,1013,31,15,10,24,13,,0,2,Rain,287
2015-5-21,18,12,6,7,6,3,93,62,30,1029,1026,1023,31,23,10,19,8,,0,3,,309
2015-5-22,18,13,7,9,7,4,93,64,31,1029,1027,1023,31,17,10,14,8,,0,1,,312
2015-5-23,21,16,11,13,11,9,94,74,34,1024,1022,1020,31,14,10,23,11,42,0,6,,2
2015-5-24,21,14,9,12,9,7,94,66,36,1022,1020,1018,31,15,10,16,11,,0,5,,347
2015-5-25,19,16,12,14,11,6,100,73,41,1020,1018,1016,26,13,2,27,13,,4,6,Rain,316
2015-5-26,18,14,11,9,8,6,88,62,37,1025,1022,1019,27,16,10,19,10,34,0,5,,348
2015-5-27,21,14,8,10,8,6,94,60,26,1026,1024,1020,31,15,5,13,8,,1,3,,339
2015-5-28,19,16,12,10,9,7,77,62,43,1020,1017,1016,31,19,10,23,11,,0,6,,275
2015-5-29,18,14,11,10,7,4,77,57,32,1017,1013,1011,31,16,10,29,11,,10,6,Rain,278
2015-5-30,19,14,9,10,6,3,94,60,24,1017,1016,1013,31,17,6,23,13,,10,6,Rain,268
2015-5-31,17,14,11,14,11,6,94,77,42,1017,1013,1011,31,13,3,32,18,52,25,6,Rain,206
2015-6-1,17,12,8,11,6,2,94,62,29,1019,1017,1014,26,16,10,23,13,35,1,6,Rain,252
2015-6-2,23,18,13,13,10,6,77,59,39,1017,1015,1013,26,15,10,40,27,63,0,5,,225
2015-6-3,20,17,13,14,10,8,94,60,33,1027,1023,1018,31,15,3,35,21,,0,6,Rain,297
2015-6-4,26,18,9,13,9,7,87,55,26,1027,1024,1020,31,29,26,16,13,,0,,,69
2015-6-5,33,24,16,19,15,12,83,55,25,1020,1017,1014,31,19,10,34,14,37,0,1,Rain,133
2015-6-6,22,17,12,12,8,4,88,57,22,1029,1025,1020,31,23,10,24,11,,0,1,,324
2015-6-7,21,14,7,9,7,4,82,57,32,1031,1029,1027,31,25,10,24,13,37,0,3,,12
2015-6-8,19,14,8,8,6,4,82,53,28,1029,1027,1024,31,25,10,34,24,60,0,1,,19
2015-6-9,19,14,9,8,6,5,76,56,29,1027,1025,1023,31,22,10,35,29,53,0,3,,27
2015-6-10,24,17,9,12,8,4,76,54,30,1025,1022,1019,31,19,10,34,26,50,0,2,,51
2015-6-11,28,21,14,17,14,11,82,59,34,1020,1015,1010,31,19,10,23,16,,0,3,,68
2015-6-12,27,23,18,16,14,13,78,58,34,1011,1009,1008,31,17,10,34,18,48,0,4,Rain,176
2015-6-13,26,21,16,13,11,9,77,54,25,1013,1012,1011,31,20,10,23,14,,0,5,,272
2015-6-14,24,18,12,13,11,8,82,59,29,1013,1012,1010,31,24,10,21,13,39,0,6,,13
2015-6-15,20,17,14,13,12,11,88,71,51,1021,1017,1013,26,10,5,24,16,39,0,7,,8
2015-6-16,21,16,9,11,7,5,87,56,26,1025,1023,1021,31,23,10,26,18,48,0,3,,6
2015-6-17,26,18,9,13,9,5,82,54,24,1027,1025,1022,31,27,10,23,10,,0,3,,323
2015-6-18,21,18,16,16,14,9,94,78,40,1023,1020,1019,31,12,3,23,18,,0,7,Rain,294
2015-6-19,22,17,11,11,9,5,94,62,25,1022,1021,1020,31,16,9,24,11,,1,4,,325
2015-6-20,22,17,12,13,10,8,88,62,38,1023,1022,1021,31,14,10,19,10,35,0,5,,303
2015-6-21,23,19,15,14,12,8,88,66,27,1021,1019,1016,31,17,10,24,11,,0,6,,278
2015-6-22,18,14,12,13,11,9,94,76,50,1018,1013,1009,26,12,3,27,13,,25,6,Rain,257
2015-6-23,19,14,9,11,9,7,100,70,36,1021,1016,1012,31,17,10,23,13,,1,5,,315
2015-6-24,24,17,9,10,9,7,100,59,24,1023,1022,1021,31,19,10,13,8,,0,4,,58
2015-6-25,29,22,14,12,10,8,82,46,19,1023,1022,1021,31,28,19,13,6,37,0,,,282
2015-6-26,31,23,16,14,11,9,72,43,17,1021,1019,1016,31,24,14,24,10,,0,8,,199
2015-6-27,24,20,16,14,11,6,88,55,24,1023,1020,1017,31,21,10,23,14,,0,5,Rain,310
2015-6-28,30,21,13,13,9,7,77,46,16,1023,1021,1018,31,31,31,23,8,26,0,,,6
2015-6-29,28,21,14,14,10,6,77,49,15,1023,1022,1020,31,24,10,14,10,,0,6,,337
2015-6-30,33,24,15,14,10,2,82,43,8,1022,1019,1015,31,31,31,23,11,,0,,,73
2015-7-1,38,29,20,17,14,11,64,36,13,1015,1014,1011,31,31,31,23,14,,0,,,129
2015-7-2,30,24,19,18,17,14,83,55,29,1022,1018,1014,31,19,10,23,13,,0,5,,351
2015-7-3,36,26,17,19,17,15,88,57,23,1025,1021,1015,31,24,18,26,14,37,0,8,,55
2015-7-4,33,28,23,19,17,16,69,49,30,1020,1019,1015,26,16,10,24,11,,0,3,Rain,354
2015-7-5,25,21,17,16,13,11,77,60,40,1021,1018,1015,31,19,10,32,16,39,0,4,Rain,350
2015-7-6,31,22,14,13,11,8,82,48,16,1023,1020,1015,31,24,10,19,6,,0,1,,138
2015-7-7,28,22,17,16,13,10,94,55,27,1015,1012,1010,31,19,10,27,11,,1,5,Rain,277
2015-7-8,19,17,13,13,11,9,82,64,43,1019,1016,1013,26,16,10,34,21,50,0,5,Rain,262
2015-7-9,22,17,12,11,8,5,94,56,22,1025,1022,1019,31,19,10,27,16,35,0,2,,322
2015-7-10,29,19,10,8,6,3,76,41,11,1025,1020,1015,31,31,31,24,13,,0,,,86
2015-7-11,27,21,15,13,9,5,64,42,23,1021,1017,1014,31,28,10,26,13,,0,1,,309
2015-7-12,23,18,13,14,12,10,82,62,36,1022,1021,1020,31,15,10,24,10,,3,7,Rain,282
2015-7-13,26,22,18,15,14,11,73,59,42,1021,1019,1018,31,16,10,23,11,,0,6,,261
2015-7-14,27,22,17,15,14,13,83,61,34,1021,1020,1019,31,17,10,23,11,,0,4,,278
2015-7-15,31,23,17,17,15,13,83,58,24,1021,1019,1016,31,22,10,16,10,,0,3,,329
2015-7-16,35,26,17,17,14,9,94,51,13,1019,1015,1009,31,24,10,32,13,39,0,4,Rain,95
2015-7-17,29,24,21,17,16,12,78,54,25,1017,1014,1010,31,19,10,29,19,37,0,3,,240
2015-7-18,28,22,16,16,12,10,83,54,24,1020,1017,1013,31,19,6,23,10,42,20,5,Rain-Thunderstorm,6
2015-7-19,24,20,15,17,16,14,94,73,44,1014,1012,1011,31,14,4,27,13,,20,6,Rain-Thunderstorm,276
2015-7-20,27,23,19,19,18,16,100,74,46,1015,1014,1013,31,14,5,24,13,35,0,7,Rain,227
2015-7-21,30,24,19,18,17,16,83,63,36,1016,1015,1013,31,18,10,21,13,37,0,4,Rain,237
2015-7-22,27,22,18,16,13,10,78,54,25,1018,1016,1015,31,20,10,24,13,29,0,6,Rain,328
2015-7-23,26,20,15,12,10,8,77,50,24,1020,1018,1015,31,25,10,16,10,,0,3,,321
2015-7-24,28,21,14,16,12,9,72,53,28,1016,1009,1003,31,20,10,29,14,48,1,5,Rain,121
2015-7-25,21,18,14,16,10,6,94,58,25,1019,1012,1003,26,13,3,40,29,58,0,5,Rain,281
2015-7-26,19,14,10,14,9,6,94,68,41,1019,1012,1004,31,18,5,34,11,,20,7,Rain,175
2015-7-27,22,18,14,15,12,9,94,69,40,1010,1006,1003,31,13,4,39,26,53,5,6,Rain,243
2015-7-28,18,16,13,11,9,6,88,62,39,1012,1011,1010,31,17,10,35,23,,1,6,Rain,247
2015-7-29,22,17,12,10,8,4,88,58,24,1016,1013,1011,31,22,10,29,16,,0,4,,273
2015-7-30,22,17,11,10,7,4,82,54,22,1020,1017,1016,31,19,10,21,11,,0,2,,293
2015-7-31,22,16,8,9,7,4,87,53,19,1021,1017,1014,31,27,10,19,11,,0,6,,36
2015-8-1,26,19,11,9,7,2,77,46,13,1019,1015,1014,31,30,19,23,11,,0,,,354
2015-8-2,29,20,11,9,7,5,72,40,14,1020,1017,1014,31,31,31,21,11,,0,,,87
2015-8-3,33,27,19,15,8,2,53,31,10,1015,1013,1010,31,28,10,23,13,,0,6,Thunderstorm,198
2015-8-4,24,20,16,18,12,5,94,58,20,1018,1015,1011,31,19,7,23,13,39,20,6,Rain-Thunderstorm,303
2015-8-5,29,22,15,13,11,9,72,47,21,1018,1014,1011,31,31,31,21,11,39,0,,,146
2015-8-6,30,24,18,15,13,10,73,48,20,1016,1014,1012,31,25,10,21,10,40,0,6,,283
2015-8-7,29,22,14,16,13,9,73,56,29,1019,1016,1015,31,23,10,24,14,,5,5,Rain,359
2015-8-8,27,21,15,13,12,11,77,52,26,1023,1021,1019,31,31,31,23,14,,0,,,15
2015-8-9,26,21,17,16,13,10,88,58,29,1022,1020,1019,31,19,10,16,10,32,3,8,Rain,18
2015-8-10,28,21,15,15,13,9,77,55,33,1021,1019,1016,31,24,10,16,10,,0,6,,344
2015-8-11,29,23,17,17,16,14,94,64,31,1019,1017,1016,31,23,10,26,13,40,0,6,,26
2015-8-12,33,26,19,18,16,15,83,56,28,1019,1017,1016,31,18,10,23,18,47,0,6,,46
2015-8-13,30,25,20,19,18,14,88,61,29,1016,1012,1008,26,15,6,34,18,45,15,6,Rain-Thunderstorm,144
2015-8-14,26,22,18,18,16,13,94,76,34,1010,1008,1005,31,14,10,27,13,47,3,4,Rain,197
2015-8-15,21,18,15,17,13,9,100,76,35,1016,1011,1007,31,12,3,26,16,,25,5,Rain,285
2015-8-16,22,17,12,13,11,9,94,67,33,1016,1016,1015,31,20,10,16,8,,0,5,,330
2015-8-17,21,18,14,12,9,7,77,57,29,1017,1016,1015,31,24,10,23,11,34,0,7,,11
2015-8-18,21,17,13,11,9,7,82,61,32,1018,1016,1015,31,22,10,16,6,29,0,6,,289
2015-8-19,25,19,13,11,9,7,88,52,21,1020,1019,1018,31,22,14,14,10,,5,8,Rain,151
2015-8-20,22,19,16,16,15,11,94,81,45,1024,1022,1020,31,13,2,14,8,,36,6,Rain,254
2015-8-21,28,22,16,16,15,13,94,63,32,1023,1022,1019,31,18,5,14,8,,0,2,Fog,124
2015-8-22,30,24,19,14,11,8,64,42,17,1019,1015,1009,31,31,31,24,14,42,0,,,113
2015-8-23,23,21,18,17,12,9,88,56,32,1009,1005,1003,31,19,5,23,16,32,15,4,Rain,164
2015-8-24,19,16,13,15,13,11,94,80,51,1008,1001,997,31,13,3,47,23,66,30,5,Rain,181
2015-8-25,20,16,12,16,12,9,88,74,48,1017,1014,1009,31,15,5,40,27,53,10,5,Rain,211
2015-8-26,29,22,15,16,14,13,94,65,28,1015,1012,1007,31,17,10,40,21,53,3,4,Rain,196
2015-8-27,14,13,13,17,14,12,100,90,69,1013,1011,1010,31,10,3,32,18,,110,7,Rain,213
2015-8-28,22,18,13,14,13,12,100,75,40,1021,1017,1013,31,13,0,10,5,,0,4,Fog,25
2015-8-29,31,22,14,20,16,12,94,69,39,1021,1019,1016,31,21,10,14,10,,0,4,,69
2015-8-30,33,27,21,20,18,15,88,58,25,1016,1015,1013,31,29,26,21,11,37,0,,,167
2015-8-31,28,24,19,19,17,16,88,67,36,1013,1011,1010,31,16,10,26,10,,0,6,Rain,302
2015-9-1,21,18,15,16,13,10,94,74,44,1020,1015,1012,31,13,8,26,16,,5,5,Rain,332
2015-9-2,21,16,11,12,10,8,94,70,36,1020,1018,1016,31,14,3,19,8,,1,3,Fog-Rain,299
2015-9-3,21,15,9,11,8,6,94,67,34,1018,1016,1015,31,17,10,24,10,,0,3,Rain,290
2015-9-4,17,14,11,9,8,6,82,65,41,1019,1017,1017,31,18,10,19,11,,0,7,Rain,282
2015-9-5,19,16,12,12,10,7,88,74,40,1024,1020,1018,31,18,10,23,10,,0,6,Rain,299
2015-9-6,17,13,8,10,7,4,93,63,32,1029,1027,1023,31,22,10,16,8,,0,5,,346
2015-9-7,19,13,8,12,8,6,87,67,45,1029,1028,1027,31,20,10,21,8,,0,5,,1
2015-9-8,18,15,12,12,11,8,94,75,44,1028,1025,1022,31,13,3,23,14,37,1,6,,27
2015-9-9,23,16,9,10,9,7,94,65,28,1023,1020,1017,31,18,5,26,16,,0,1,,58
2015-9-10,22,16,10,9,7,4,82,53,22,1019,1017,1016,31,31,31,23,16,,0,,,64
2015-9-11,23,16,9,8,6,5,82,50,20,1017,1015,1012,31,28,10,16,11,,0,8,Rain,79
2015-9-12,18,16,14,17,12,7,100,75,35,1013,1011,1010,31,13,2,19,13,37,105,6,Fog-Rain,180
2015-9-13,18,14,10,16,13,10,100,92,78,1013,1006,1002,31,9,0,24,11,,15,5,Fog-Rain,110
2015-9-14,19,16,12,14,11,7,94,77,40,1006,1002,999,31,12,10,45,21,71,25,5,Rain-Thunderstorm,206
2015-9-15,19,16,12,12,9,6,88,66,35,1005,1003,999,31,14,10,35,26,,20,4,Rain,198
2015-9-16,18,16,13,17,14,11,100,86,67,998,992,989,31,12,2,40,24,61,44,6,Rain,178
2015-9-17,19,17,13,13,12,10,94,75,48,1012,1002,993,31,14,2,34,24,48,0,5,Rain,230
2015-9-18,17,14,11,14,11,9,94,83,58,1018,1014,1012,29,13,6,27,16,48,3,4,Rain,200
2015-9-19,19,16,12,13,12,9,100,81,39,1027,1023,1018,31,13,5,21,11,,0,4,Rain,301
2015-9-20,19,13,8,11,8,7,94,71,38,1028,1026,1023,31,18,5,11,6,,1,2,,20
2015-9-21,19,13,8,12,8,7,94,71,37,1023,1017,1010,31,14,10,21,8,35,1,6,Fog-Rain,183
2015-9-22,17,13,11,13,11,6,100,83,48,1010,1004,1001,31,12,3,39,21,48,44,6,Rain,245
2015-9-23,17,13,9,11,9,8,100,77,48,1018,1013,1006,31,15,5,23,14,,1,3,Rain,275
2015-9-24,17,13,9,13,11,8,96,81,64,1021,1019,1018,31,16,3,24,13,,1,6,Rain,206
2015-9-25,18,14,12,13,12,8,100,81,41,1025,1023,1021,31,10,0,14,6,,0,5,Fog-Rain,329
2015-9-26,17,13,9,10,8,7,94,74,44,1026,1025,1024,31,18,10,23,13,,0,4,,23
2015-9-27,19,13,8,9,7,4,93,67,28,1032,1028,1026,31,24,10,37,19,39,0,1,,40
2015-9-28,19,13,8,8,7,5,87,67,31,1034,1032,1031,31,31,31,34,19,,0,,,47
2015-9-29,19,13,7,8,6,4,87,62,29,1032,1029,1028,31,28,10,37,21,,0,1,,51
2015-9-30,19,13,8,7,6,4,87,61,27,1029,1028,1026,31,25,10,29,23,,0,1,,57
2015-10-1,17,11,6,5,4,2,87,60,33,1028,1026,1024,31,30,26,32,19,50,0,,,43
2015-10-2,19,12,6,8,5,3,87,60,31,1025,1022,1017,31,30,26,19,14,,0,,,33
2015-10-3,21,14,8,10,7,5,87,64,24,1018,1015,1013,31,15,6,11,8,,0,,,12
2015-10-4,17,12,8,11,9,6,93,76,56,1018,1015,1012,19,9,3,21,10,,0,8,,150
2015-10-5,16,14,12,16,13,11,100,91,77,1013,1008,1003,19,9,3,23,14,37,65,6,Rain,155
2015-10-6,20,18,15,17,15,13,100,87,57,1005,1002,1000,31,10,0,32,16,40,50,6,Fog-Rain,191
2015-10-7,17,14,13,13,10,8,94,73,48,1019,1012,1005,31,14,6,32,26,,1,6,Rain,244
2015-10-8,15,13,11,9,8,7,88,74,52,1023,1021,1018,31,20,10,16,10,,0,6,,303
2015-10-9,16,11,7,9,8,6,93,77,50,1023,1021,1019,31,15,10,19,11,,0,2,,29
2015-10-10,17,12,8,12,9,7,100,83,52,1020,1016,1014,19,8,2,23,14,,1,3,,46
2015-10-11,15,11,7,10,8,7,100,85,59,1015,1013,1012,14,7,2,21,14,37,1,2,,33
2015-10-12,14,10,6,8,7,6,100,82,54,1017,1015,1013,19,7,2,16,13,37,0,2,,17
2015-10-13,12,8,5,7,4,2,100,75,43,1021,1018,1016,18,9,3,27,13,,0,4,,344
2015-10-14,9,6,2,7,2,0,96,76,54,1022,1019,1016,16,8,2,21,14,,3,6,Rain,340
2015-10-15,7,5,3,4,3,2,93,82,62,1021,1018,1015,18,9,3,27,19,45,0,7,Rain,8
2015-10-16,7,6,3,7,5,3,100,94,82,1021,1019,1017,6,3,1,14,8,35,3,7,Rain,198
2015-10-17,12,9,7,11,8,6,100,93,74,1020,1017,1016,19,5,0,16,6,,5,7,Fog-Rain,289
2015-10-18,12,9,6,9,7,4,100,86,60,1022,1019,1016,31,9,0,14,10,,0,6,Fog,43
2015-10-19,12,8,3,10,7,4,100,90,73,1023,1022,1021,10,5,0,13,8,,0,6,Fog,17
2015-10-20,13,10,8,10,9,8,100,90,64,1026,1024,1022,14,5,0,13,8,32,1,6,Fog-Rain,9
2015-10-21,13,9,6,10,7,5,100,84,53,1026,1022,1018,19,8,0,21,10,,0,6,Fog-Rain,255
2015-10-22,14,12,10,12,11,10,100,94,82,1023,1019,1016,19,7,2,19,14,37,4,7,Rain,257
2015-10-23,13,12,11,10,7,5,88,69,46,1025,1023,1020,31,14,10,16,8,,0,8,,214
2015-10-24,15,12,9,11,9,6,94,76,59,1021,1017,1015,31,16,10,19,11,32,0,7,,168
2015-10-25,13,11,8,11,9,8,100,84,66,1027,1024,1020,26,12,0,23,13,,0,5,Fog-Rain,8
2015-10-26,18,12,7,12,10,7,100,87,60,1022,1016,1013,18,7,0,21,13,,1,6,Fog,110
2015-10-27,20,16,11,12,11,9,94,73,47,1013,1011,1009,31,15,9,21,14,,0,5,Rain,127
2015-10-28,16,13,10,13,11,8,100,86,59,1013,1009,1006,26,10,2,23,13,,39,5,Rain,188
2015-10-29,14,12,9,11,9,8,94,88,69,1021,1017,1013,19,11,6,19,13,39,0,7,,169
2015-10-30,17,12,8,11,9,7,94,82,57,1023,1021,1019,27,18,8,23,14,,1,,,117
2015-10-31,18,12,7,12,9,7,100,83,56,1027,1023,1020,26,7,0,19,13,,1,4,Fog,112
2015-11-1,19,13,7,13,9,6,100,83,60,1030,1028,1027,19,7,2,13,8,,1,1,Fog,79
2015-11-2,9,7,5,9,7,5,100,95,87,1028,1024,1020,7,3,0,19,11,,1,7,Fog,92
2015-11-3,16,11,7,12,9,6,93,80,67,1021,1017,1015,26,14,8,32,18,47,1,7,Rain,127
2015-11-4,16,14,12,13,12,10,100,83,62,1020,1017,1014,19,11,5,29,16,29,10,6,Rain,191
2015-11-5,18,16,12,14,12,11,100,82,59,1020,1019,1017,26,13,5,23,13,40,0,7,Rain,175
2015-11-6,18,17,14,17,14,13,94,88,75,1024,1021,1018,31,14,8,27,18,48,10,7,Rain,209
2015-11-7,20,18,15,17,15,14,94,85,71,1028,1024,1023,31,15,10,23,16,35,0,5,,212
2015-11-8,21,16,11,16,14,11,100,84,58,1029,1025,1021,31,12,0,24,11,40,0,6,Fog,175
2015-11-9,17,15,13,14,11,7,88,71,42,1029,1027,1022,26,17,10,29,21,34,0,5,Rain,239
2015-11-10,15,12,10,11,9,8,100,83,62,1029,1028,1026,26,13,3,24,16,40,0,6,Rain,209
2015-11-11,15,12,8,13,11,8,100,91,66,1028,1026,1025,19,6,0,16,10,37,4,5,Fog-Rain,196
2015-11-12,14,12,11,13,12,11,100,92,78,1027,1025,1023,10,6,0,14,8,37,3,6,Fog,188
2015-11-13,15,12,9,12,9,4,88,75,39,1031,1026,1023,26,13,8,32,18,52,0,6,Rain,236
2015-11-14,12,9,7,8,6,4,87,71,52,1032,1029,1023,26,18,10,35,18,,0,6,Rain,230
2015-11-15,18,14,11,10,9,8,88,74,47,1024,1020,1018,26,17,10,34,26,52,0,6,,226
2015-11-16,15,13,11,13,9,7,100,77,63,1019,1017,1015,26,13,4,32,23,,0,6,Rain,218
2015-11-17,17,14,13,15,13,11,100,86,69,1016,1013,1012,26,11,2,35,29,58,10,7,Rain,223
2015-11-18,15,13,12,12,9,8,88,73,57,1022,1019,1016,31,13,10,39,26,55,0,5,,229
2015-11-19,16,14,13,14,12,10,100,85,71,1021,1018,1015,31,13,3,34,27,60,15,6,Rain,233
2015-11-20,9,8,7,13,8,6,100,92,80,1016,1010,1005,31,9,2,34,19,,80,6,Rain,317
2015-11-21,6,4,3,5,3,0,93,84,62,1008,1003,1000,31,12,5,50,23,74,30,6,Rain-Hail,292
2015-11-22,7,3,0,1,0,-2,100,75,48,1018,1012,1008,31,18,10,27,16,,0,4,Rain,304
2015-11-23,5,2,0,2,0,-1,100,86,71,1027,1024,1018,31,11,6,13,8,,0,5,,12
2015-11-24,7,4,1,7,2,-1,100,90,66,1027,1019,1011,14,7,1,29,16,,30,7,Rain-Snow,198
2015-11-25,9,7,4,7,6,3,100,90,74,1014,1011,1009,31,12,8,29,16,42,4,5,Rain,290
2015-11-26,9,6,2,5,3,1,93,85,67,1023,1019,1014,31,17,10,14,10,,0,3,,326
2015-11-27,5,2,0,5,2,0,100,96,89,1023,1017,1010,10,3,0,24,11,,5,7,Fog-Rain,169
2015-11-28,10,7,3,7,3,1,100,76,46,1021,1017,1010,31,16,2,37,19,53,4,4,Rain,247
2015-11-29,13,10,7,8,7,4,93,73,53,1023,1019,1016,31,13,3,40,32,55,1,6,Rain,234
2015-11-30,13,12,11,8,7,6,82,70,59,1026,1024,1022,31,16,10,40,35,61,0,6,,241
2015-12-1,13,12,12,9,8,4,77,71,58,1030,1028,1025,31,15,9,35,26,50,0,7,,240
2015-12-2,12,10,9,5,4,3,76,60,46,1030,1029,1028,31,16,10,14,11,,0,6,,205
2015-12-3,11,9,7,6,4,4,87,74,54,1030,1027,1023,31,14,10,23,13,34,10,6,,166
2015-12-4,12,9,5,9,6,3,94,76,47,1035,1030,1022,31,15,8,29,19,,10,5,Rain,239
2015-12-5,9,6,3,5,4,2,93,84,62,1035,1030,1025,26,13,6,27,16,52,0,6,,193
2015-12-6,12,9,6,8,7,5,93,84,65,1029,1025,1024,19,11,6,32,21,39,0,6,,195
2015-12-7,14,11,7,8,7,6,93,79,57,1031,1029,1027,19,17,10,19,13,32,0,,,154
2015-12-8,11,8,6,10,7,5,100,88,74,1032,1028,1027,21,10,3,21,14,32,44,7,Rain,190
2015-12-9,11,8,4,7,5,4,100,86,53,1040,1037,1032,19,10,0,21,13,,0,5,Fog,218
2015-12-10,4,3,2,4,3,1,100,92,76,1039,1034,1029,14,6,0,21,14,35,0,7,Fog,182
2015-12-11,11,6,1,9,4,0,94,89,80,1030,1028,1026,14,9,5,26,18,40,3,6,Rain,201
2015-12-12,12,10,7,10,8,6,100,88,73,1027,1024,1022,26,11,2,24,16,,1,6,Rain,214
2015-12-13,7,6,4,7,6,4,100,93,85,1023,1022,1021,14,7,0,21,13,35,0,7,Fog,181
2015-12-14,7,4,3,5,4,3,100,96,82,1022,1019,1018,10,3,0,16,11,32,0,7,Fog,143
2015-12-15,11,8,5,10,7,4,100,86,69,1023,1021,1019,14,9,3,21,14,47,15,7,Rain,172
2015-12-16,14,12,10,13,11,10,100,90,76,1027,1025,1022,14,10,5,29,19,,0,6,Rain,208
2015-12-17,16,13,11,12,11,9,94,79,60,1027,1023,1020,31,20,10,23,16,39,1,7,,187
2015-12-18,13,12,11,12,11,10,100,89,73,1025,1023,1021,19,9,4,19,13,39,1,6,Rain,204
2015-12-19,15,12,9,11,9,7,100,83,56,1023,1020,1016,19,10,3,23,16,35,1,4,,168
2015-12-20,14,12,10,10,8,7,88,76,61,1021,1017,1015,31,19,10,24,16,,1,6,Rain,190
2015-12-21,13,11,9,10,8,7,88,77,58,1027,1024,1021,31,14,8,42,26,60,5,5,Rain,216
2015-12-22,15,13,11,10,8,5,94,70,51,1027,1025,1022,31,15,8,39,31,,3,6,Rain,208
2015-12-23,14,11,8,10,8,6,100,77,49,1028,1025,1022,31,15,2,37,23,42,1,6,Fog-Rain,213
2015-12-24,13,10,7,9,8,7,100,81,65,1025,1021,1019,26,11,2,35,21,52,0,6,Fog-Rain,195
2015-12-25,13,11,8,10,8,7,100,82,68,1029,1027,1025,31,14,3,24,16,40,4,6,Rain,197
2015-12-26,13,11,8,8,8,6,93,82,63,1029,1027,1026,19,14,10,24,18,37,1,5,,186
2015-12-27,13,10,7,8,7,5,100,82,58,1029,1027,1025,19,15,9,24,14,42,1,6,,175
2015-12-28,12,8,5,6,5,3,87,76,54,1028,1023,1019,19,15,10,21,14,,0,,,134
2015-12-29,12,9,7,8,7,4,93,79,58,1029,1024,1019,31,16,10,26,16,42,4,5,Rain,191
2015-12-30,10,8,5,6,5,3,100,79,58,1029,1021,1013,31,23,10,26,16,47,3,6,,155
2015-12-31,12,9,7,8,5,3,93,74,47,1024,1020,1013,31,15,8,26,19,,10,3,Rain,204
